review_id,restaurant_id,restaurant_name,review_text,sentiment,mentioned_dishes,positive_points,negative_points,occasion_hint,price_comment,waiting_time_comment,source_type,source_url,created_at,review_weight,notes
rev_r001_01,r001,中正｜燒肉政宗 YAKINIKU MASAMUNE,用餐者認為火力可以請店員調整，但火候有時不穩；烤盤洞較大，食材容易掉落。小菜選擇偏少，肉品吃到後面容易膩，服務人員空閒時滑手機也影響觀感。整體屬於內用午餐，人均約400到600元。,negative,meat,adjustable fire|indoor dining,unstable heat|food may fall through grill|limited side dishes|meat can feel greasy|service attentiveness issue,solo meal|casual dinner|friends gathering|budget dinner|meat craving,NT$400-600,unknown,manual_summary_or_survey,,2026/5/29,1,Fill this manually from your own summary/interview/user-provided notes. Do not copy long raw Google review text.
rev_r001_02,r001,中正｜燒肉政宗 YAKINIKU MASAMUNE,長期顧客表示過去多次用餐體驗良好，但近期兩次用餐明顯變差，主要問題集中在烤盤與火力設備。一次火力過大導致肉容易燒焦，另一次烤盤幾乎不熱，薄切五花也難以烤熟。顧客認為不是肉品品質問題，而是設備維護需要改善。,negative,thin sliced pork belly|meat,previously stable experience|repeat customer,unstable heat|grill too hot|grill not hot enough|meat hard to cook|equipment maintenance issue,solo meal|casual dinner|budget yakiniku,NT$400-600,unknown,manual_summary_or_survey,,2026/5/29,1,Fill this manually from your own summary/interview/user-provided notes. Do not copy long raw Google review text.
rev_r001_03,r001,中正｜燒肉政宗 YAKINIKU MASAMUNE,顧客反映烤盤火候過小，薄切牛五花也需要烤很久，雞肉與松阪豬更耗時；松阪豬切得厚且有硬筋，口感不佳。服務方面，續小菜被收走後等待約20分鐘才送回。清潔也被指出有問題，包括地板黏與置物籃內出現蟑螂。,negative,thin sliced beef belly|chicken|matsusaka pork,quiet enough for conversation,weak grill heat|slow cooking|tough meat|slow side dish refill|cleanliness issue|storage basket hygiene issue,casual dinner|friends gathering,NT$400-600,long cooking time,manual_summary_or_survey,,2026/5/29,1,Fill this manually from your own summary/interview/user-provided notes. Do not copy long raw Google review text.
rev_r001_04,r001,中正｜燒肉政宗 YAKINIKU MASAMUNE,顧客認為食物表現普通，肉塊大小不一，烤盤溫度不足，烤肉時間很長。服務體驗不佳，上菜速度慢，飯與飲料需要提醒才會送上；顧客也認為在這種服務下收取10%服務費不合理。,negative,meat|rice|drinks,none,average food|inconsistent meat cutting|weak grill heat|slow cooking|slow service|service charge concern,casual dinner|patient diners only,NT$400-600,slow serving speed,manual_summary_or_survey,,2026/5/29,1,Fill this manually from your own summary/interview/user-provided notes. Do not copy long raw Google review text.
rev_r001_05,r001,中正｜燒肉政宗 YAKINIKU MASAMUNE,顧客提到週三與週五晚上有399吃到飽方案，價格有吸引力。店內人多，座位是高腳椅大桌，較擁擠且不太舒適；店員人手不足，換烤網需要主動提醒，白飯也因碗還在清洗而延遲。炭火偏小，雞肉需要烤很久。不過特製辣椒粉被認為很提味，有椒麻香氣。,mixed,chicken|rice|special chili powder,all-you-can-eat deal|spicy seasoning|good flavor,crowded|uncomfortable seating|limited staff|slow rice serving|weak charcoal heat|slow cooking,budget dinner|friends gathering|casual yakiniku,NT$400-600,busy at night,manual_summary_or_survey,,2026/5/29,1,Fill this manually from your own summary/interview/user-provided notes. Do not copy long raw Google review text.
rev_r002_01,r002,築本屋公館店,顧客認為這是台大學生很熟悉的平價店，用餐時間通常人很多。牛丼是安全牌，牛肉份量不算少，醬汁甜鹹順口，洋蔥入味，整體不驚艷但吃得飽。醬燒牛五花定食下飯，腰內豬排定食肉質嫩、外皮酥脆，適合怕豬排太硬的人。,positive,牛丼|醬燒牛五花定食|腰內豬排定食,student-friendly|safe choice|large portion|filling meal|crispy tonkatsu|tender pork|good value,crowded during meal time,solo meal|student meal|friends meal|casual lunch,NT$100-200,busy during meal time,manual_summary_or_survey,,2026/5/29,1,Fill this manually from your own summary/interview/user-provided notes. Do not copy long raw Google review text.
rev_r002_02,r002,築本屋公館店,顧客認為餐點平價且份量充足，餓的時候能吃得很滿足。豬排和唐揚雞等炸物調味較重，炸皮偏厚，吃到後面可能會膩，但整體口味仍然好吃。白飯和湯表現不錯，是住附近會常常回訪的店。,positive,豬排|唐揚雞|白飯|湯,cheap|large portion|filling meal|good seasoning|good rice|good soup|repeatable local spot,fried food can feel greasy|thick batter|heavy flavor,solo meal|student meal|casual dinner|friends meal,NT$200-400,unknown,manual_summary_or_survey,,2026/5/29,1,Fill this manually from your own summary/interview/user-provided notes. Do not copy long raw Google review text.
rev_r002_03,r002,築本屋公館店,顧客稱讚餐點份量足，能吃得很飽，豬排麵衣酥脆，白飯與高麗菜絲可以續。店內播放80年代台灣流行歌，帶來有記憶點的用餐氣氛。,positive,豬排|白飯|高麗菜絲,large portion|crispy tonkatsu|refillable rice|refillable cabbage|nostalgic music|filling meal,none,solo meal|student meal|casual lunch|casual dinner,reasonable,unknown,manual_summary_or_survey,,2026/5/29,1,Fill this manually from your own summary/interview/user-provided notes. Do not copy long raw Google review text.
rev_r002_04,r002,築本屋公館店,顧客認為這是平價豬排飯選擇，定食可無限續飯與高麗菜絲。腰內豬排外觀看起來普通，但吃起來酥脆好吃；豬排醬偏糖醋風味，搭配方式特別。店內沒有飲料，飯和水可自助取用，續高麗菜需找店員。,positive,腰內豬排|豬排飯|白飯|高麗菜絲,cheap|refillable rice|refillable cabbage|crispy tonkatsu|self-service water|good value,no drinks|noisy but conversational,solo meal|student meal|casual lunch|friends meal,NT$100-200,no wait,manual_summary_or_survey,,2026/5/29,1,Fill this manually from your own summary/interview/user-provided notes. Do not copy long raw Google review text.
rev_r002_05,r002,築本屋公館店,顧客提到晚上6點20分唐揚雞已售完，且服務人員沒有事先告知。餐廳空間不大，但餐點好吃，飯和菜都可以續，肉品不會過油或過乾。整體餐點表現佳，但服務與空間仍有改善空間。,mixed,唐揚雞|白飯|高麗菜,good food|refillable rice|refillable cabbage|meat not too oily|meat not too dry,popular item sold out|service communication issue|small space,solo meal|friends meal|casual dinner|student meal,NT$200-400,unknown,manual_summary_or_survey,,2026/5/29,1,Fill this manually from your own summary/interview/user-provided notes. Do not copy long raw Google review text.
rev_r003_01,r003,想聚 Mr.Jardeng,顧客認為餐點外觀有特色，維納斯的蛋生很上相但蛋是冷的，建議攪拌後再吃。豬排表現不錯，口感酥脆，起司醬也加分；巧克力口味舒芙蕾還不錯。但炸雞偏乾，珍珠奶茶口味舒芙蕾的鹹奶油味過重，蓋過奶茶味。整體氣氛佳，但部分餐點表現不穩。,mixed,維納斯的蛋生|炸雞|豬排|起司醬|舒芙蕾|珍珠奶茶舒芙蕾|巧克力舒芙蕾,photogenic plating|crispy pork cutlet|good cheese sauce|soft souffle|good atmosphere,dry fried chicken|cold egg dish|souffle cream too salty|flavor inconsistency,lunch|date|friends gathering|photo-friendly meal,NT$600-800,unknown,manual_summary_or_survey,,2026/5/29,1,Fill this manually from your own summary/interview/user-provided notes. Do not copy long raw Google review text.
rev_r003_02,r003,想聚 Mr.Jardeng,顧客點了黑白大廚雙人套餐，認為價格偏高，但每道餐點都有特色。拔絲麻辣豆腐與墨魚燉飯被特別稱讚，適合喜歡嘗試創意料理的人。,positive,黑白大廚雙人套餐|拔絲麻辣豆腐|墨魚燉飯,creative dishes|unique menu|good for adventurous eaters|good flavor|good atmosphere|friendly service,price slightly high,date|friends gathering|casual dinner|special meal,NT$400-600,unknown,manual_summary_or_survey,,2026/5/29,1,Fill this manually from your own summary/interview/user-provided notes. Do not copy long raw Google review text.
rev_r003_03,r003,想聚 Mr.Jardeng,顧客認為餐點份量多，整體大致美味，並且特別提到這裡適合吃完後玩桌遊。店內氣氛輕鬆，孩子也玩得開心，是適合多人聚餐或家庭聚會的餐廳。,positive,臭豆腐義大利麵,large portion|good food|relaxed atmosphere|board-game friendly|family-friendly|group-friendly,none,family gathering|friends gathering|board game meal|casual lunch,NT$400-600,unknown,manual_summary_or_survey,,2026/5/29,1,Fill this manually from your own summary/interview/user-provided notes. Do not copy long raw Google review text.
rev_r003_04,r003,想聚 Mr.Jardeng,顧客稱讚店內裝潢溫馨、氣氛放鬆，適合朋友聚會或家庭聚餐。價格對學生也算友善，服務親切，還有當月壽星小福利。餐點從擺盤到口味都令人滿意，整體值得再訪。,positive,birthday perk,cozy atmosphere|relaxing vibe|group-friendly|family-friendly|student-friendly|friendly service|birthday perk|good plating|worth revisiting,none,friends gathering|family gathering|birthday meal|casual lunch|student gathering,NT$400-600,unknown,manual_summary_or_survey,,2026/5/29,1,Fill this manually from your own summary/interview/user-provided notes. Do not copy long raw Google review text.
rev_r003_05,r003,想聚 Mr.Jardeng,顧客與朋友午餐聚會時被菜單命名吸引，實際用餐後對餐點有驚喜感。松露義大利麵香氣濃郁令人印象深刻，維納斯的蛋生外觀拍照效果好，但味道較普通。整體餐點口味不錯、拍照出彩，價格也有吸引力，願意二訪。,positive,松露義大利麵|維納斯的蛋生,creative menu|strong truffle flavor|photogenic dish|good flavor|good for photos|good value|worth revisiting,some dishes look better than taste,friends gathering|casual lunch|photo-friendly meal|date,good value,unknown,manual_summary_or_survey,,2026/5/29,1,Fill this manually from your own summary/interview/user-provided notes. Do not copy long raw Google review text.
rev_r004_01,r004,Second Floor 貳樓公館店,顧客兩年後再訪，認為餐點品質明顯下降。義大利麵表現不佳，南蠻雞炸雞口感濕軟，醬汁層次不足，海鮮麵也偏乾。雖然服務與氣氛仍有一定水準，且不需等候，但餐點本身令人失望。,negative,義大利麵|南蠻雞|海鮮麵,good service|good atmosphere|no wait,pasta quality declined|fried chicken too soggy|sauce lacks depth|seafood pasta too dry|food quality inconsistent,casual lunch,NT$600-800,no wait,manual_summary_or_survey,,2026/5/29,1,Fill this manually from your own summary/interview/user-provided notes. Do not copy long raw Google review text.
rev_r004_02,r004,Second Floor 貳樓公館店,顧客不推薦炸物，但特別稱讚青醬義大利麵，認為非常好吃，蝦子也新鮮。假日建議先訂位，現場候位可能至少一小時。店內採線上掃碼點餐，支援多種支付方式，適合多人聚餐。,positive,青醬義大利麵|蝦子|炸物,good pesto pasta|fresh shrimp|multiple payment options|online ordering|group-friendly,fried food not recommended|weekend waiting|reservation recommended,friends gathering|group meal|casual lunch,NT$400-600,weekend wait can exceed 1 hour,manual_summary_or_survey,,2026/5/29,1,Fill this manually from your own summary/interview/user-provided notes. Do not copy long raw Google review text.
rev_r004_03,r004,Second Floor 貳樓公館店,顧客因朋友推薦來用餐，但兩次體驗都不理想。蕃茄蔬菜湯過酸，入口刺激；曙光鮮蝦雞肉麵雖然蝦子大，但麵和雞肉都偏乾。顧客仍肯定店內氣氛好、適合拍照，燻鮭魚和麵包也好吃，但其他餐點需要再考慮。,mixed,蕃茄蔬菜湯|曙光鮮蝦雞肉麵|鮮蝦|雞肉|燻鮭魚|麵包,good atmosphere|photogenic|fresh large shrimp|good smoked salmon|good bread,soup too sour|pasta too dry|chicken too dry|food quality inconsistent,date|friends gathering|photo-friendly meal,unknown,unknown,manual_summary_or_survey,,2026/5/29,1,Fill this manually from your own summary/interview/user-provided notes. Do not copy long raw Google review text.
rev_r004_04,r004,Second Floor 貳樓公館店,顧客認為貳樓是適合聚餐的愛店，習慣事先訂位。店內有親子優惠活動，週二下午兩點後大人點主餐，12歲以下兒童可享免費特製兒童餐。厚烤奶油 Ham 三明治、焗厚切豬排奶油飯與兒童餐都被稱讚，服務親切，親子與寵物友善，用餐時間充足，適合和朋友聊天。,positive,厚烤奶油 Ham 三明治|焗厚切豬排奶油飯|森森奶油起司飯|美式咖啡|牛奶,family-friendly|kid-friendly|pet-friendly|friendly service|group-friendly|child meal promotion|good for chatting|unlimited drinks|worth revisiting,reservation recommended|popular restaurant,family gathering|friends gathering|kid-friendly dinner|pet-friendly meal|casual dinner,NT$400-600,no wait with reservation,manual_summary_or_survey,,2026/5/29,1,Fill this manually from your own summary/interview/user-provided notes. Do not copy long raw Google review text.
rev_r004_05,r004,Second Floor 貳樓公館店,顧客大力稱讚店家的親子友善服務。訂位時店家知道有兩個月大的嬰兒同行，主動安排適合放推車的一樓寬敞座位；看到顧客拿奶瓶準備去洗手間降溫，也主動提供冰水協助。整體服務貼心，適合帶嬰幼兒用餐。,positive,brunch,very kid-friendly|baby-stroller friendly|spacious first-floor seating|thoughtful service|friendly staff|family-friendly,wait may be 10-30 minutes|reservation depends on date and time,family brunch|kid-friendly meal|baby-friendly meal,NT$400-600,10-30 minutes,manual_summary_or_survey,,2026/5/29,1,Fill this manually from your own summary/interview/user-provided notes. Do not copy long raw Google review text.
rev_r005_01,r005,JJ's POKE & CAFE 鮮魚沙拉飯,顧客很喜歡這家的 POK? 沙拉飯，認為店內環境乾淨舒服，帶有放鬆的度假感。配料選擇多，可以自由搭配蔬菜、蛋白質與醬料，適合正在調整飲食但又想吃得開心的人。鮮蝦沙拉飯中的鮮蝦新鮮，花椰菜、毛豆與紫甘藍口感爽脆，魚卵與莎莎醬也讓整體更清爽開胃。,positive,鮮蝦沙拉飯|鮮蝦|花椰菜|毛豆|紫甘藍|魚卵|莎莎醬,healthy|fresh shrimp|clean environment|relaxing vibe|customizable bowl|refreshing|filling|good for diet control,none,healthy lunch|solo meal|light meal|post-workout meal,NT$200-400,no wait,manual_summary_or_survey,,2026/5/29,1,Fill this manually from your own summary/interview/user-provided notes. Do not copy long raw Google review text.
rev_r005_02,r005,JJ's POKE & CAFE 鮮魚沙拉飯,顧客第一次嘗試沙拉飯，點了牛肉丸沙拉飯，覺得外觀看起來漂亮、味道不錯，醬汁能滲入白飯增加風味。不過整體偏冷食，對不習慣冷食飯類的人來說可能較不適應。,mixed,牛肉丸沙拉飯,photogenic bowl|good flavor|sauce works well with rice,cold food may not suit everyone|parking inconvenient,casual lunch|solo meal|light meal,NT$100-200,no wait,manual_summary_or_survey,,2026/5/29,1,Fill this manually from your own summary/interview/user-provided notes. Do not copy long raw Google review text.
rev_r005_03,r005,JJ's POKE & CAFE 鮮魚沙拉飯,顧客因朋友推薦前來，認為沙拉飯份量很多且好吃。主食可選生菜與白飯各半，飯量可調整，搭配玉米、花椰菜、海帶芽、豆腐、烤雞與胡麻醬。環境乾淨、座位多，整體體驗佳，也希望未來能增加醋飯選項。,positive,烤雞沙拉飯|玉米|花椰菜|海帶芽|豆腐|烤雞|胡麻醬,large portion|customizable rice amount|clean environment|many seats|good grilled chicken|good sesame sauce|good value,no vinegar rice option,healthy lunch|solo meal|casual meal|post-workout meal,NT$100-200,no wait,manual_summary_or_survey,,2026/5/29,1,Fill this manually from your own summary/interview/user-provided notes. Do not copy long raw Google review text.
rev_r005_04,r005,JJ's POKE & CAFE 鮮魚沙拉飯,顧客提醒尖峰時段人較多，內用建議先找座位再排隊點餐。鮮蝦沙拉飯價格165元，份量大，鮮蝦約5隻且口感紮實有彈性，莎莎醬也被稱讚。缺點是自選配菜種類偏少，且多為南瓜、玉米等澱粉類。店內支援 Line Pay 和載具，座位多，餐後自助回收碗盤並有洗手台。,mixed,鮮蝦沙拉飯|鮮蝦|莎莎醬|南瓜|玉米,large portion|firm shrimp|good salsa sauce|Line Pay available|receipt carrier available|many seats|self-service cleanup|wash basin available,crowded during peak time|limited toppings|starch-heavy toppings|slightly pricier than nearby alternatives,healthy dinner|solo meal|quick meal|casual dinner,NT$100-200,no wait but crowded during peak time,manual_summary_or_survey,,2026/5/29,1,Fill this manually from your own summary/interview/user-provided notes. Do not copy long raw Google review text.
rev_r005_05,r005,JJ's POKE & CAFE 鮮魚沙拉飯,顧客表示人潮很多，內用要先找位置再選餐，點餐前可先看網路上的餐點指引以加快速度。雖然尖峰時段忙碌，但店員通常會耐心回答問題，翻桌率高，稍等一下通常會有位置；不想等的人也適合外帶。,positive,takeout,fast turnover|patient staff|takeout-friendly|many customers|efficient ordering if prepared,crowded during peak time|ordering may feel rushed when busy,quick dinner|solo meal|takeout|healthy meal,NT$100-200,short wait due to fast turnover,manual_summary_or_survey,,2026/5/29,1,Fill this manually from your own summary/interview/user-provided notes. Do not copy long raw Google review text.
rev_r006_01,r006,壽司郎 台北公館店,顧客認為壽司種類和品項很多，容易找到想吃的餐點。天婦羅握壽司中的炸魚或花枝酥脆香口，表現很好。不過新嘗試的烏龍麵較普通，麵量偏少；明太子與秋葵的搭配也讓顧客覺得風味有些奇怪。,mixed,天婦羅握壽司|炸魚|花枝|烏龍麵|明太子|秋葵,variety of sushi|crispy tempura|good fried seafood|many choices,udon is average|small noodle portion|flavor combination can be strange,casual dinner|sushi craving|friends gathering,NT$400-600,depends on date and time,manual_summary_or_survey,,2026/5/29,1,Fill this manually from your own summary/interview/user-provided notes. Do not copy long raw Google review text.
rev_r006_02,r006,壽司郎 台北公館店,顧客認為整體用餐體驗不錯，壽司魚料新鮮度穩定，口味清爽，是想吃平價迴轉壽司時的方便選擇。不過相較其他壽司店，飯量與整體份量偏小，精緻但飽足感略不足。拉麵表現普通，較像附加品項。店內不定期推出期間限定或特別菜單，值得嘗試。,positive,壽司|拉麵|期間限定壽司,stable quality|fresh fish|clean flavor|reasonable price|limited-time menu|convenient sushi option,small portion|less filling|ramen is average,casual dinner|solo meal|quick sushi meal,NT$200-400,no wait,manual_summary_or_survey,,2026/5/29,1,Fill this manually from your own summary/interview/user-provided notes. Do not copy long raw Google review text.
rev_r006_03,r006,壽司郎 台北公館店,顧客提到店面位於捷運公館站一號出口附近，交通方便，但因靠近台大與師大，用餐時間人潮很多，候位區不大，會覺得擁擠，建議提早到或先訂位。餐點方面，鮭魚與魚類處理表現佳，特別推薦生鮭魚壽司；但貝類、鮭魚卵與海膽表現較普通。沙拉聖代偏酸但份量較少。,positive,生鮭魚壽司|鮭魚|魚類壽司|貝類|鮭魚卵|海膽|沙拉聖代,convenient location|good salmon|good fish quality|recommended salmon sushi|fun plate variety,crowded during meal time|small waiting area|reservation recommended|some seafood items average|small dessert portion,casual dinner|friends gathering|sushi craving,NT$400-600,crowded during meal time,manual_summary_or_survey,,2026/5/29,1,Fill this manually from your own summary/interview/user-provided notes. Do not copy long raw Google review text.
rev_r006_04,r006,壽司郎 台北公館店,顧客整體喜歡這家店，認為新出的流心巧克力不錯，但建議在客人較少時點會比較好吃。蟹肉表現普通，鮪魚大腹被稱讚很好吃；海膽品質不穩，單吃不推薦，搭配紫蘇會比較能接受。,mixed,流心巧克力|蟹肉|鮪魚大腹|海膽|紫蘇,good fatty tuna|good chocolate dessert|some items are enjoyable,crab is average|sea urchin quality inconsistent|better when less busy,casual meal|sushi craving|limited-time menu tryout,unknown,better during less busy hours,manual_summary_or_survey,,2026/5/29,1,Fill this manually from your own summary/interview/user-provided notes. Do not copy long raw Google review text.
rev_r006_05,r006,壽司郎 台北公館店,顧客週六用餐時人潮頗多，但很幸運很快有位置。店內用餐限時一小時，需要有效率地點餐。盤子顏色越來越多，部分品項有調漲。候位區較小，但廁所空間寬敞。,mixed,壽司,quick seating if lucky|wide restroom|fun plate variety,crowded on weekends|one-hour dining limit|small waiting area|some price increase|need efficient ordering,casual dinner|quick sushi meal|friends gathering,NT$400-600,reservation recommended on weekends,manual_summary_or_survey,,2026/5/29,1,Fill this manually from your own summary/interview/user-provided notes. Do not copy long raw Google review text.
rev_r007_01,r007,鳳城燒臘粵菜,顧客稱讚可以用 Line 預約取餐很方便，燒肉飯好吃，若加蛋會更完整。蝦仁炒飯、滑蛋豬肉也受到家人好評。更新後到店內用餐仍然滿意，店內有免費茶水，上菜速度快，高麗菜炒得很香。,positive,燒肉飯|蝦仁炒飯|滑蛋豬肉|高麗菜,Line pre-order|good roast pork rice|fast serving|free tea|good stir-fried cabbage|family-approved dishes,none,takeout|quick meal|family meal|casual lunch|casual dinner,reasonable,fast serving,manual_summary_or_survey,,2026/5/29,1,Fill this manually from your own summary/interview/user-provided notes. Do not copy long raw Google review text.
rev_r007_02,r007,鳳城燒臘粵菜,顧客認為鳳城是老派但有記憶點的燒臘強店。雖然曾遇到冷飯，但店員很快更換熱飯並補醬汁。燒鴨皮亮、肉有水分，搭配偏甜醬汁非常下飯；三寶飯視覺和份量都滿足。不過吃到後面可能略膩，環境不用期待太多，重點是快速、直接、吃得飽的燒臘爽感。,positive,燒鴨|三寶飯|燒臘|熱茶,classic roast meat|good roast duck|moist meat|rich aroma|fast correction by staff|free tea|filling meal|strong Cantonese flavor,can feel greasy|simple environment|cold rice issue,solo meal|friends meal|quick dinner|meat craving|casual meal,reasonable,no wait,manual_summary_or_survey,,2026/5/29,1,Fill this manually from your own summary/interview/user-provided notes. Do not copy long raw Google review text.
rev_r007_03,r007,鳳城燒臘粵菜,顧客平日傍晚到店時已經八成滿，內用可能需要併桌。不過上菜速度快，三寶飯肉量充足，雞腿很嫩，咕咾肉也很好吃；三鮮燴飯則較普通。整體適合想快速吃到份量足燒臘的人。,positive,三寶飯|雞腿|咕咾肉|三鮮燴飯,large meat portion|fast serving|tender chicken leg|good sweet and sour pork|filling meal,crowded during meal time|shared table likely|some dishes average,student meal|quick dinner|solo meal|casual meal,reasonable,within 10 minutes,manual_summary_or_survey,,2026/5/29,1,Fill this manually from your own summary/interview/user-provided notes. Do not copy long raw Google review text.
rev_r007_04,r007,鳳城燒臘粵菜,顧客認為這是老字號燒臘店，菜色選擇多，也很適合外帶。店內有免費茶水但需自取，內用桌上可掃碼點餐，用餐完再到櫃檯結帳。付款方式較傳統，評論提到僅能使用現金。,neutral,燒臘|茶水,old-school Cantonese|many menu choices|takeout-friendly|free tea|QR code ordering,"cash only|simple service|self-service tea""",takeout|quick lunch|casual meal|solo meal,reasonable,unknown,manual_summary_or_survey,,2026/5/29,1,Fill this manually from your own summary/interview/user-provided notes. Do not copy long raw Google review text.
rev_r007_05,r007,鳳城燒臘粵菜,顧客認為三寶飯是附近住家、學生與上班族的口碑選擇。脆皮燒肉外皮酥脆，肥瘦比例剛好，搭配叉燒、燒鴨與甘甜鹹醬汁很下飯；油雞版本則較清爽，皮薄肉嫩。價格親民、肉量和水準具 CP 值。缺點是配菜種類較少，尖峰時段常需要排隊。,positive,三寶飯|脆皮燒肉|叉燒|燒鴨|油雞|醬汁,good value|crispy roast pork|balanced fat ratio|good roast duck|tender soy chicken|large meat portion|student-friendly|local favorite,limited side dishes|queue during peak time|can be noisy,takeout|student meal|quick dinner|meat craving|casual meal,cheap to reasonable,10-30 minutes during peak time,manual_summary_or_survey,,2026/5/29,1,Fill this manually from your own summary/interview/user-provided notes. Do not copy long raw Google review text.
rev_r008_01,r008,稻咖哩,顧客認為店內環境乾淨整潔，牛肋排咖哩好吃，半熟蛋熟度令人滿意。炙燒豬肉也被推薦，焦香味搭配起司很夠味。整體價位算便宜，氣氛安靜，適合交談，也適合單人或多人用餐。,positive,牛肋排咖哩|半熟蛋|炙燒豬肉|起司,clean environment|good beef rib curry|good soft-boiled egg|grilled pork aroma|cheese flavor|cheap price|quiet atmosphere,none,solo meal|friends meal|casual lunch|curry craving,NT$200-400,unknown,manual_summary_or_survey,,2026/5/29,1,Fill this manually from your own summary/interview/user-provided notes. Do not copy long raw Google review text.
rev_r008_02,r008,稻咖哩,顧客認為炙烤豚肉和雞肉很好吃，馬鈴薯與紅蘿蔔給得大方，咖哩醬汁不錯。不過醬汁稍微偏鹹，白飯飯粒不夠鬆軟，需要浸在咖哩醬裡口感才比較好。,mixed,炙烤豚肉|雞肉|馬鈴薯|紅蘿蔔|咖哩醬|白飯,good grilled pork|good chicken|generous vegetables|good curry sauce,curry sauce can be salty|rice texture not soft enough,casual lunch|student meal|curry craving,reasonable,unknown,manual_summary_or_survey,,2026/5/29,1,Fill this manually from your own summary/interview/user-provided notes. Do not copy long raw Google review text.
rev_r008_03,r008,稻咖哩,顧客在雨天臨時選擇來用餐，認為店內座位不多，大約只能容納七到八組客人。菜單簡單，飯量可選，點餐後先付款，餐具自助取用。出餐速度快，約五分鐘就上完兩份餐，服務人員也快速清理座位。整體肉質不錯、口味稍重但不至於過鹹，價格可接受，學生客群不少。,positive,咖哩|肉類主食|白飯,fast serving|good meat quality|customizable rice amount|acceptable price|student-friendly|quick table cleaning,limited seats|small space|flavor slightly heavy|self-service utensils,quick dinner|student meal|solo meal|rainy day comfort meal,NT$200-400,within 10 minutes,manual_summary_or_survey,,2026/5/29,1,Fill this manually from your own summary/interview/user-provided notes. Do not copy long raw Google review text.
rev_r008_04,r008,稻咖哩,顧客高度稱讚這家咖哩專賣店，認為咖哩本身有不同風味區分，主食也做得認真。炙燒豬肉咖哩偏甜，豬肉帶有蜜汁叉燒與炙燒起司風味；牛肋咖哩鹹甜適中且濃郁，牛肋份量多、口感好；雙拼黑咖哩加入墨魚汁提升層次，雞肉使用舒肥雞且份量充足。雖然單價初看偏高，但吃完覺得物超所值。,positive,炙燒豬肉咖哩|牛肋咖哩|雙拼黑咖哩|蜜汁叉燒|炙燒起司|舒肥雞|馬鈴薯|紅蘿蔔,rich curry|different curry styles|serious main dishes|good beef rib|large meat portion|tender sous-vide chicken|good value|well-seasoned vegetables,price may look high at first|large vegetable chunks may not suit everyone,curry craving|casual dinner|student meal|foodie meal,good value,unknown,manual_summary_or_survey,,2026/5/29,1,Fill this manually from your own summary/interview/user-provided notes. Do not copy long raw Google review text.
rev_r008_05,r008,稻咖哩,顧客稱讚服務態度非常好，若有小朋友同行，老闆會另外準備白飯和配菜給不能吃辣的小朋友。餐點份量十足，味道也好。,positive,白飯|配菜|咖哩,friendly service|kid-friendly service|large portion|good flavor|thoughtful owner,none,family meal|kid-friendly meal|casual dinner|student meal,reasonable,unknowns,manual_summary_or_survey,,2026/5/29,1,Fill this manually from your own summary/interview/user-provided notes. Do not copy long raw Google review text.
rev_r009_01,r009,泰街頭,顧客認為這是一間相當道地的泰式餐廳，椰汁咖喱炸豬五花飯外酥內軟且不油膩，綠咖喱椰奶香濃並且和泰國米很搭。泰東北烤雞腿飯雞腿外皮薄且肉質軟嫩多汁，月亮蝦餅內餡蝦料多，泰式奶茶味道道地不水。冬蔭功蝦湯味道濃郁但偏鹹偏酸。店內約四十到五十個座位但座位空間較小，假日晚餐尖峰後可能需要排隊。,positive,椰汁咖喱炸豬五花飯|泰東北烤雞腿飯|月亮蝦餅|冬蔭功蝦湯|泰式奶茶,authentic Thai flavor|good green curry|crispy pork belly|juicy grilled chicken|good shrimp cake|authentic Thai milk tea|digital payment available|no service charge,tom yum soup too salty and sour|small seating space|queue after peak time,friends dinner|casual Thai meal|student meal|Thai food craving,NT$200-400,queue after 18:00 on weekends,manual_summary_or_survey,,2026/5/29,1,Fill this manually from your own summary/interview/user-provided notes. Do not copy long raw Google review text.
rev_r009_02,r009,泰街頭,顧客表示從台大學生時期就知道這家店，店內裝潢有更新，餐點仍然好吃。辣度比以前降低一些，對不想吃太辣的人更友善。店家支援刷卡與載具，整體體驗佳。,positive,Soup|Fried,consistent food quality|renovated interior|less spicy than before|card payment available|receipt carrier available,flavor may be less spicy than before,casual dinner|friends meal|Thai food craving,NT$400-600,unknown,manual_summary_or_survey,,2026/5/29,1,Fill this manually from your own summary/interview/user-provided notes. Do not copy long raw Google review text.
rev_r009_03,r009,泰街頭,顧客認為椰汁咖哩雞腿飯不錯吃，雞腿表面微烤有香氣且肉質多汁，紅咖哩醬汁微辣又下飯。飯量很足，甚至比一般份量多，泰式奶茶不會過甜且適合解辣。整體 CP 值高，學生客群多，值得回訪。不過現烤雞腿需要等待。,positive,椰汁咖哩雞腿飯|雞腿|紅咖哩|泰式奶茶,juicy grilled chicken|good red curry|large rice portion|not too sweet Thai milk tea|high CP value|student-friendly|worth revisiting,grilled chicken needs waiting,solo meal|student meal|casual dinner|Thai food craving,NT$100-200,grilled chicken may take time,manual_summary_or_survey,,2026/5/29,1,Fill this manually from your own summary/interview/user-provided notes. Do not copy long raw Google review text.
rev_r009_04,r009,泰街頭,顧客認為這家泰國菜餐廳生意很好，採一人一套餐型式。月亮蝦餅剛炸好熱熱的很好吃，泰式奶茶也不錯。整體餐點與服務評價佳，適合兩人晚餐或簡單聚餐，但店內用餐時可能偏吵。,positive,月亮蝦餅|泰式奶茶,good shrimp cake|freshly fried food|good Thai milk tea|good service|popular restaurant,noisy but conversational,casual dinner|friends meal|Thai food craving,NT$400-600,unknown,manual_summary_or_survey,,2026/5/29,1,Fill this manually from your own summary/interview/user-provided notes. Do not copy long raw Google review text.
rev_r009_05,r009,泰街頭,顧客一開始被店面裝潢吸引，認為紅磚藍門與泰國電影海報營造出曼谷街頭小吃店的感覺，氣氛和打卡感強。價格在學區附近算可接受，份量大且高性價比，吸引不少台大和師大學生。不過椰汁咖哩五花豬肉飯口味層次不足，吃到後面有點膩，糖心蛋也較不符合期待。整體適合重視氣氛和份量的學生，但未必適合追求精緻泰式風味的人。,mixed,椰汁咖哩五花豬肉飯|糖心蛋,photogenic Thai street vibe|good decor|large portion|student-friendly|reasonable price|high value,flavor lacks depth|curry can feel greasy|soft-boiled egg not impressive|not as refined as other Thai spots,solo meal|student meal|friends meal|photo-friendly meal|casual lunch,NT$200-400,unknown,manual_summary_or_survey,,2026/5/29,1,Fill this manually from your own summary/interview/user-provided notes. Do not copy long raw Google review text.
rev_r010_01,r010,何太守港式菠蘿包專賣店,顧客表示從捷運站出來常常能聞到店家的奶油香氣，這次購買脆皮年糕，外皮酥脆內裡 Q 彈，味道不會太甜，整體好吃。不過價格略高，冷掉後會覺得稍微偏油。,mixed,脆皮年糕,butter aroma|crispy outside|chewy texture|not too sweet,price slightly high|can feel oily when cold,takeout|snack|near MRT,NT$100-200,unknown,manual_summary_or_survey,,2026/5/29,1,Fill this manually from your own summary/interview/user-provided notes. Do not copy long raw Google review text.
rev_r010_02,r010,何太守港式菠蘿包專賣店,顧客非常喜歡冰火菠蘿油，認為一定要趁熱吃，熱的時候不油膩且很快就能吃完。多次回購後覺得品質穩定，也稱讚店家營業時間較晚，方便晚上購買。,positive,冰火菠蘿油,hot and fresh|not greasy|stable quality|repeat purchase|open until late,less tasty when cold,takeout|late-night snack|dessert snack,NT$100-200,unknown,manual_summary_or_survey,,2026/5/29,1,Fill this manually from your own summary/interview/user-provided notes. Do not copy long raw Google review text.
rev_r010_03,r010,何太守港式菠蘿包專賣店,顧客認為原味菠蘿與冰火菠蘿價格親民，外帶包裝貼心，奶油完整夾在麵包裡不會沾到袋子。菠蘿外皮酥脆，麵包鬆軟，鹹甜搭配美味，且支援 LINE Pay。,positive,原味菠蘿|冰火菠蘿,crispy crust|soft bread|sweet and salty flavor|good packaging|cheap price|LINE Pay available,none,takeout|quick snack|dessert snack,NT$100-200,no reservation needed,manual_summary_or_survey,,2026/5/29,1,Fill this manually from your own summary/interview/user-provided notes. Do not copy long raw Google review text.
rev_r010_04,r010,何太守港式菠蘿包專賣店,顧客原本只是抱著嘗試心態購買，後來覺得非常好吃。菠蘿外酥內軟，鹹甜風味讓人印象深刻，認為經過時很值得購買。,positive,菠蘿包,crispy outside|soft inside|sweet and salty|worth trying,none,takeout|snack|casual lunch,NT$100-200,unknown,manual_summary_or_survey,,2026/5/29,1,Fill this manually from your own summary/interview/user-provided notes. Do not copy long raw Google review text.
rev_r010_05,r010,何太守港式菠蘿包專賣店,顧客稱讚冰火菠蘿包很好吃，外皮酥脆且香，搭配冰奶油口感滑順，而且價格不貴，一顆約 45 元。,positive,冰火菠蘿包,crispy crust|buttery aroma|smooth cold butter|cheap price|good value,none,takeout|dessert snack|quick snack,NT$100-200,unknown,manual_summary_or_survey,,2026/5/29,1,Fill this manually from your own summary/interview/user-provided notes. Do not copy long raw Google review text.
rev_r011_01,r011,馬辣頂級麻辣鍋 台北公館店,顧客認為馬辣公館店升級後選擇非常豐富，營業到凌晨兩點，適合台北宵夜與朋友聚餐。店內有多種頂級肉品、蔬菜、海鮮、自助吧、酒牆、主食、甜點與冰淇淋無限供應。經典麻辣鍋湯底香辣夠味，港式花雕雞湯底也被推薦。加價升級和牛與巨無霸蝦類後更有滿足感，整體適合火鍋吃到飽與海鮮肉品愛好者。,positive,經典麻辣鍋|港式花雕雞|極上三和牛|巨大海虎蝦|阿根廷天使紅蝦|白蝦|鮮蚵|壽喜燒牛丼|安格斯牛黑咖哩|黃金滷肉飯|哈根達斯|莫凡彼,all-you-can-eat hot pot|late-night dining|wide variety|unlimited meat|unlimited seafood|unlimited alcohol|dessert bar|spicy soup base|good for group gathering|premium upgrade available,alcohol caution|possible cleaning fee if drinking causes mess|price can increase with upgrade,late-night meal|friends gathering|hot pot craving|group dinner|celebration meal,NT$698+,unknown,manual_summary_or_survey,,2026/5/29,1,Fill this manually from your own summary/interview/user-provided notes. Do not copy long raw Google review text.
rev_r011_02,r011,馬辣頂級麻辣鍋 台北公館店,顧客稱讚店內重新裝潢後明亮乾淨，沒有傳統麻辣火鍋店常見的油膩感，用餐環境舒適。兩小時用餐時間足夠，不會太趕。店員服務親切細心，補料與收桌即時，食材新鮮乾淨。無限暢飲酒品與飲料是體驗亮點，讓整體用餐感受大幅加分。,positive,麻辣鍋|酒品|自助吧,renovated interior|bright and clean|comfortable environment|attentive service|fresh ingredients|unlimited drinks|unlimited alcohol|relaxed dining time,noisy but conversational,group dinner|friends gathering|casual dinner|hot pot meal,NT$600-800,two-hour dining time,manual_summary_or_survey,,2026/5/29,1,Fill this manually from your own summary/interview/user-provided notes. Do not copy long raw Google review text.
rev_r011_03,r011,馬辣頂級麻辣鍋 台北公館店,顧客認為店內燈光與氣氛很好，很適合拍照、聊天與留下聚餐回憶。餐點種類非常多，適合多人慢慢吃，但也提醒吃到飽容易吃太多。若餐廳人不多，用餐時間可能較有彈性。停車可考慮附近大學停車場。整體適合朋友聚餐與拍照型火鍋體驗。,positive,火鍋|自助吧|酒品,good lighting|good atmosphere|photo-friendly|many food choices|good for friends gathering|relaxed when not crowded,parking may need nearby lot|all-you-can-eat can be too much|possible cleaning fee if overeating causes issue,friends gathering|group dinner|photo-friendly meal|celebration meal,NT$600-800,may be flexible when not crowded,manual_summary_or_survey,,2026/5/29,1,Fill this manually from your own summary/interview/user-provided notes. Do not copy long raw Google review text.
rev_r011_04,r011,馬辣頂級麻辣鍋 台北公館店,顧客新裝潢後第一次來，認為整體氣氛好，酒品可以喝到飽很加分，菜品種類多，水果與甜點也不錯。不過湯頭表現普通，高湯被認為味道不足，需要加強。整體仍適合重視氣氛、自助吧與酒品的聚餐客群。,mixed,火鍋|酒品|水果|甜點,good atmosphere|unlimited alcohol|many food choices|good fruit bar|good dessert bar,soup base is average|broth lacks flavor,group lunch|friends gathering|hot pot meal|all-you-can-eat meal,NT$800-1000,unknown,manual_summary_or_survey,,2026/5/29,1,Fill this manually from your own summary/interview/user-provided notes. Do not copy long raw Google review text.
rev_r011_05,r011,馬辣頂級麻辣鍋 台北公館店,顧客第一次用餐體驗很好，認為選擇多元且食材新鮮，海鮮也能吃到飽很有吸引力。營業到凌晨非常適合和朋友聚餐或宵夜。整體是適合多人、火鍋、海鮮與晚間聚會的吃到飽餐廳。,positive,海鮮|火鍋|自助吧,wide variety|fresh ingredients|unlimited seafood|late-night dining|good for friends gathering|all-you-can-eat,value depends on appetite,friends gathering|late-night meal|hot pot craving|group dinner,NT$600-1000,open until late,manual_summary_or_survey,,2026/5/29,1,Fill this manually from your own summary/interview/user-provided notes. Do not copy long raw Google review text.
rev_r012_01,r012,公館食堂,顧客認為這家店價格親民且餐點好吃，特別適合感冒或天冷時來吃粥喝湯。肉片粥、蛤蠣粥與蔬菜蛋花湯都被稱讚，蛤蠣粥雖然價格不高但蛤蠣新鮮飽滿且份量多。整體是公館附近適合冬天喝熱湯與粥的小店。,positive,肉片粥|蛤蠣粥|蔬菜蛋花湯,cheap price|comfort food|fresh clams|large clam portion|warm soup|good for cold weather|good service,none,solo meal|comfort meal|quick dinner|winter meal|sick day meal,NT$100-200,no wait,manual_summary_or_survey,,2026/5/29,1,Fill this manually from your own summary/interview/user-provided notes. Do not copy long raw Google review text.
rev_r012_02,r012,公館食堂,顧客點了什錦海鮮鍋燒意麵加花干，認為配料不少，整體風味清爽鮮甜，店員服務親切。若到附近會想再次回訪。,positive,什錦海鮮鍋燒意麵|花干,fresh and light flavor|generous ingredients|seafood noodle soup|friendly service|worth revisiting,none,casual meal|quick lunch|quick dinner|comfort meal,reasonable,unknown,manual_summary_or_survey,,2026/5/29,1,Fill this manually from your own summary/interview/user-provided notes. Do not copy long raw Google review text.
rev_r012_03,r012,公館食堂,顧客因為想喝蛤仔湯而來，認為湯頭鮮美，薑和胡椒味明顯但不會蓋過蛤仔鮮味，蛤仔數量約十五顆左右，份量有誠意。炒高麗菜清脆不油，但水分偏少，調味使用醬油膏與油蔥酥，顧客表示之後會想再試其他主餐。,positive,蛤仔湯|炒高麗菜,fresh clam soup|generous clams|clear and savory broth|crisp cabbage|not oily|worth trying again,cabbage can feel dry,solo meal|comfort dinner|light meal|soup craving,NT$100-200,unknown,manual_summary_or_survey,,2026/5/29,1,Fill this manually from your own summary/interview/user-provided notes. Do not copy long raw Google review text.
rev_r012_04,r012,公館食堂,顧客認為大醬海鮮鍋燒麵帶有微辣感，整體口味不錯，餐點、服務與氣氛表現穩定。,positive,大醬海鮮鍋燒麵,seafood noodle soup|mild spicy flavor|stable quality|casual meal,none,quick lunch|casual lunch|soup noodle meal,reasonable,unknown,manual_summary_or_survey,,2026/5/29,1,Fill this manually from your own summary/interview/user-provided notes. Do not copy long raw Google review text.
rev_r012_05,r012,公館食堂,顧客第一次來用餐，認為湯頭尚可，整體份量可以接受，但蛤蠣味道有點不太新鮮。整體評價中等，提醒海鮮新鮮度可能偶爾不穩。,mixed,蛤蠣|湯頭,acceptable portion|decent broth,clam freshness can be inconsistent,quick meal|casual meal|soup craving,reasonable,unknown,manual_summary_or_survey,,2026/5/29,1,Fill this manually from your own summary/interview/user-provided notes. Do not copy long raw Google review text.
rev_r013_01,r013,隱家拉麵 公館店,顧客推薦黃金雞湯拉麵，認為雞肉份量多且不柴，吸滿湯汁後很香。整體餐點與服務表現都不錯，開放式廚房可以看到店員作業。不過付款方式僅收現金。,positive,黃金雞湯拉麵|雞肉,good chicken ramen|generous meat|tender chicken|good soup aroma|good service|open kitchen,cash only,solo meal|friends meal|ramen dinner|casual dinner,NT$200-400,no wait,manual_summary_or_survey,,2026/5/29,1,Fill this manually from your own summary/interview/user-provided notes. Do not copy long raw Google review text.
rev_r013_02,r013,隱家拉麵 公館店,顧客認為店內氣氛很好，服務生與廚師態度親切，即使忙碌也不會不耐煩。不過拉麵本身表現普通，覺得整體評價可能有些過譽，不一定值得特別排隊等待。,mixed,拉麵,good atmosphere|friendly service|good staff attitude,ramen may be overrated|food is average|not worth long queue,ramen dinner|casual meal,NT$200-400,10-30 minutes,manual_summary_or_survey,,2026/5/29,1,Fill this manually from your own summary/interview/user-provided notes. Do not copy long raw Google review text.
rev_r013_03,r013,隱家拉麵 公館店,顧客將這家拉麵店放入口袋名單，這次因為不用排很久而進店。店員招呼親切，會主動補冰水，也會詢問口味是否習慣，並提供加辣或清湯調整。拉麵符合期待，湯頭與叉燒都很好吃。,positive,拉麵|叉燒|湯頭,good ramen|good broth|good chashu|friendly staff|attentive service|flavor adjustment available|no wait,none,solo meal|ramen dinner|friends meal,NT$200-400,no wait,manual_summary_or_survey,,2026/5/29,1,Fill this manually from your own summary/interview/user-provided notes. Do not copy long raw Google review text.
rev_r013_04,r013,隱家拉麵 公館店,顧客表示尖峰時間常看到排隊人潮，但以座位量來看等待不會太久。店內使用點餐機點餐付款方便，出餐速度快，環境明亮整潔，醬料區與廁所也乾淨。麵條可選種類並客製軟硬度，湯頭也可選擇；原味豚骨湯頭普通，辛味湯頭較出色，麵條與肉類表現佳。不過以價位來說配料和份量偏少，溏心蛋需加價。,positive,原味豚骨拉麵|辛味拉麵|麵條|肉類|溏心蛋,fast serving|ticket machine ordering|clean environment|customizable noodles|good noodles|good meat|friendly service|spicy broth is good,peak queue|original tonkotsu is average|portion slightly small|toppings cost extra,ramen dinner|quick meal|solo meal|casual dinner,NT$200-400,within 10 minutes,manual_summary_or_survey,,2026/5/29,1,Fill this manually from your own summary/interview/user-provided notes. Do not copy long raw Google review text.
rev_r013_05,r013,隱家拉麵 公館店,顧客認為公館店維持隱家一貫水準，麵條好吃、肉類表現佳，加點叉燒拼盤很滿足，尤其推薦雞腿叉燒。公館店空間較大，候位體驗友善。濃厚海老沾麵肉量豐富、醬汁濃郁，冷麵搭配熱湯汁很適合；柚香干貝拉麵湯頭帶有海味，但中份麵的湯量稍少，加清湯或蒜蓉後有不同風味。,positive,叉燒拼盤|雞腿叉燒|濃厚海老沾麵|柚香干貝拉麵|糖心蛋|清湯|蒜蓉,good noodles|good meat|chashu platter|recommended chicken chashu|large branch|friendly waiting experience|rich shrimp dipping sauce|seafood broth flavor,soup may be slightly low for medium noodles,solo meal|friends meal|ramen lunch|ramen craving,NT$200-400,no wait,manual_summary_or_survey,,2026/5/29,1,Fill this manually from your own summary/interview/user-provided notes. Do not copy long raw Google review text.
rev_r014_01,r014,二本松涮涮屋 本館,顧客認為二本松是頂級日式火鍋體驗，從食材、擺盤到桌邊服務都非常講究。服務人員全程協助煮食材並掌握最佳熟度，讓客人幾乎不用動手。宮崎 A5 紐約客和牛、松露山藥豆腐、煮粥、鮮蝦雲吞佐魚子醬與多款甜點都被高度稱讚，適合約會、慶祝或犒賞自己。,positive,宮崎A5紐約客和牛|日式柴魚湯|昆布湯|松露山藥豆腐|綜合菜盤|煮粥|蟹膏|鮮蝦雲吞佐魚子醬|萬丹紅豆鍋餅|手工蛋黃酥|銅鑼燒|巴斯克蛋糕|菊花豆腐|抹茶冰淇淋,premium Japanese hot pot|tableside service|A5 wagyu|fresh ingredients|refined plating|excellent service|good for celebration|good for date|premium dessert|luxury dining,price very high,date night|celebration meal|anniversary|premium hot pot|self-reward meal,over NT$2000,unknown,manual_summary_or_survey,,2026/5/29,1,Fill this manually from your own summary/interview/user-provided notes. Do not copy long raw Google review text.
rev_r014_02,r014,二本松涮涮屋 本館,顧客表示這是非常好的慶生體驗，桌邊服務專業貼心，能讓客人優雅舒適地享用餐點。店家也能照顧親子需求，替一歲小孩另外準備開水煮食材。A5 和牛入口即化，松葉蟹新鮮，蟹刺身搭配桔醋醬很加分，煮粥前也會讓客人確認調味。店家還協助準備鮮花，整體服務細緻且令人難忘。,positive,A5和牛|松葉蟹|蟹刺身|桔醋醬|煮粥|鮮花,birthday-friendly|excellent tableside service|kid-friendly service|A5 wagyu|fresh crab|thoughtful service|romantic service|premium celebration experience,price very high,birthday meal|family celebration|date night|premium dinner|kid-friendly fine dining,over NT$2000,unknown,manual_summary_or_survey,,2026/5/29,1,Fill this manually from your own summary/interview/user-provided notes. Do not copy long raw Google review text.
rev_r014_03,r014,二本松涮涮屋 本館,顧客第一次來用餐，認為整體體驗很好，食材新鮮、環境舒服，肉品品質不錯，壽喜燒煮起來香氣佳。服務人員會主動介紹吃法並細心注意桌面狀況，讓整個用餐過程舒適，也提高再次回訪意願。,positive,壽喜燒|肉品,fresh ingredients|comfortable environment|good meat quality|good sukiyaki|attentive service|friendly staff|worth revisiting,price high,date night|friends meal|premium Japanese meal|first-visit friendly,high price range,unknown,manual_summary_or_survey,,2026/5/29,1,Fill this manually from your own summary/interview/user-provided notes. Do not copy long raw Google review text.
rev_r014_04,r014,二本松涮涮屋 本館,顧客認為二本松是台北高級火鍋代表，食材新鮮且桌邊服務非常推薦，客人不需要自己煮食材即可享用。宮崎 A5 紐約客和牛入口即化，松葉蟹套餐海味鮮甜，最後加入蟹膏煮粥尤其令人印象深刻。餐點包含湯品、前菜、菜盤、主餐、副餐、甜點與飲品，整體雖然價格偏高，但適合體驗高檔日式火鍋。,positive,宮崎黑毛A5紐約客和牛|日本松葉蟹|蟹膏煮粥|日式柴魚湯|昆布湯|養生藥膳湯|松露山藥豆腐|和風蟹肉鮭魚|雲丹干貝柿種魚子醬|鮮蝦雲吞佐魚子醬|魚子醬胡麻冷麵|萬丹紅豆鍋餅,premium hot pot|fresh crab|A5 wagyu|excellent tableside service|luxury set menu|refined dessert|good for special occasion|high-end Japanese dining,price high|expensive,luxury lunch|celebration meal|date night|premium hot pot|family gathering,over NT$2000,unknown,manual_summary_or_survey,,2026/5/29,1,Fill this manually from your own summary/interview/user-provided notes. Do not copy long raw Google review text.
rev_r014_05,r014,二本松涮涮屋 本館,顧客特別稱讚服務員從帶位、介紹餐點到用餐過程中的照顧都非常細心親切。服務員會主動關心用餐狀況，也會協助煮菜與煮肉，火候掌握得宜，讓客人可以放鬆享受餐點。整體服務流程完整順暢，讓用餐體驗大幅提升，也讓顧客願意再次回訪。,positive,萬丹紅豆鍋餅|紅豆鍋餅|手工銅鑼燒,excellent service|attentive staff|tableside cooking|relaxing dining experience|good pacing|quiet atmosphere|good dessert,price very high,date night|quiet dinner|celebration meal|premium dinner,over NT$2000,unknown,manual_summary_or_survey,,2026/5/29,1,Fill this manually from your own summary/interview/user-provided notes. Do not copy long raw Google review text.
rev_r015_01,r015,小李子清粥小菜,顧客非常喜歡這家知名自選菜餐廳，推薦以白粥作為主食搭配各式小菜。五更腸旺、蚵仔、筍子、炒蛋、豆乾豆皮都被認為很下飯，也適合喝酒後或深夜想吃熱粥小菜時來用餐。不過店面小、人潮多，通常需要等候。,positive,白粥|五更腸旺|蚵仔|筍子|炒蛋|豆乾|豆皮,famous late-night congee|many side dishes|good with congee|good after drinking|classic comfort food|strong local reputation,crowded|small space|waiting likely,late-night meal|comfort meal|after-drinking meal|casual dinner|friends meal,NT$400-600,some waiting expected,manual_summary_or_survey,,2026/5/29,1,Fill this manually from your own summary/interview/user-provided notes. Do not copy long raw Google review text.
rev_r015_02,r015,小李子清粥小菜,顧客認為這家店是熬夜讀書與期末期間的清粥小菜好夥伴，菜色選擇多且多數都好吃。宮保雞丁、香蔥油雞、蝦仁滑蛋、清蒸吻仔魚、菜圃蛋、滷白菜與糖醋里肌各有特色，適合搭配熱粥。整體口味偏下飯，但價格稍高，仍可理解為深夜時段的選擇。,positive,宮保雞丁|香蔥油雞|蝦仁滑蛋|清蒸吻仔魚|菜圃蛋|招牌滷白菜|糖醋里肌|稀飯,many dish choices|good with congee|late-night study meal|comfort food|good chicken dish|good egg dishes|traditional flavor,price slightly high|some dishes can be oily|some dishes can be salty,late-night meal|study meal|comfort dinner|student meal,NT$200-400,no wait,manual_summary_or_survey,,2026/5/29,1,Fill this manually from your own summary/interview/user-provided notes. Do not copy long raw Google review text.
rev_r015_03,r015,小李子清粥小菜,顧客十多年後再訪，認為新店址內用空間比舊址小，正餐時段可能需要候位與併桌。餐點味道偏鹹偏油，需要搭配白粥，整體偏情懷型老店。優點是環境乾淨明亮、選擇多，推薦滷肉、丁香魚豆干與臭豆腐；缺點是價格不透明、整體不算便宜，部分菜色普通或偏鹹偏油。,mixed,滷肉|丁香魚豆干|臭豆腐|宮保雞丁|蒜泥白肉|瓜仔肉|番茄蛋|白菜滷|花椰菜|地瓜粥,clean environment|many choices|nostalgic old shop|good braised pork|good dried fish tofu|good sweet potato congee,price not transparent|slightly expensive|salty and oily|small space|shared table likely|some dishes average,casual dinner|nostalgic meal|comfort meal|late-night meal,NT$200-400,within 10 minutes,manual_summary_or_survey,,2026/5/29,1,Fill this manually from your own summary/interview/user-provided notes. Do not copy long raw Google review text.
rev_r015_04,r015,小李子清粥小菜,顧客將這家店視為台北清粥小菜與深夜食堂文化的老店代表，認為雖然有些人覺得價格偏高，但現在深夜仍能吃到清粥小菜已經不容易。餐點不算驚艷但不難吃，適合想體驗老台北宵夜文化或深夜吃熱粥小菜的人。,neutral,清粥小菜|地瓜粥,old Taipei late-night diner|nostalgic restaurant|late-night option|traditional congee meal,price can feel high|food is not outstanding|simple atmosphere,late-night meal|breakfast-style meal|nostalgic meal|comfort food,NT$100-200,no wait,manual_summary_or_survey,,2026/5/29,1,Fill this manually from your own summary/interview/user-provided notes. Do not copy long raw Google review text.
rev_r015_05,r015,小李子清粥小菜,顧客認為店內菜色種類多，大約有四十種可選，雖然價格不算便宜但整體好吃，是晚上的清粥小菜與宵夜選擇。現煎烘蛋、爌肉、糯米椒小魚乾豆乾、炒龍鬚菜與地瓜粥都被稱讚。糖醋類菜色因為放冷後口感較差而較不推薦。整體適合一人或小團體宵夜。,positive,現煎烘蛋|爌肉|糯米椒小魚乾豆乾|炒龍鬚菜|地瓜粥|糖醋里肌,many choices|late-night comfort food|good omelet|good braised pork|good dried fish tofu|refreshing vegetables|sweet potato congee,not very cheap|cold fried dishes lose texture,solo meal|late-night meal|small group meal|comfort dinner,NT$100-200,unknown,manual_summary_or_survey,,2026/5/29,1,Fill this manually from your own summary/interview/user-provided notes. Do not copy long raw Google review text.
rev_r016_01,r016,這一鍋 台北信義殿,顧客原本期待這是一間高質感單點火鍋店，但用餐後認為食材、湯底、服務、環境與醬料都不如套餐制火鍋店。兩大一小午餐消費約 2900 元，覺得溢價嚴重，整體 CP 值不高。,negative,火鍋|湯底|醬料,none,overpriced|low value|food quality below expectation|service below expectation|environment below expectation|sauce below expectation,family lunch|hot pot meal,NT$800-1000,unknown,manual_summary_or_survey,,2026/5/29,1,Fill this manually from your own summary/interview/user-provided notes. Do not copy long raw Google review text.
rev_r016_02,r016,這一鍋 台北信義殿,顧客認為店內裝潢具有濃厚中國風，設計有質感，半開放式包廂兼具寬敞感與隱私，多人也可選擇獨立包廂。服務延續王品體系特色，餐點介紹、補湯與上菜都積極細心。酸菜鍋解膩，菌菇鍋清甜順口，肉片與海鮮新鮮且份量足，擺盤華麗，很適合拍照與聚餐。,positive,一品酸菜鍋|頤心菌菇鍋|綜合丸子|有機青菜組|肉片|海鮮,premium interior|Chinese-style decor|semi-private booth|private room available|attentive service|fresh meat|fresh seafood|large portion|photogenic plating|good soup base,price high,group dinner|family gathering|celebration meal|photo-friendly hot pot|premium hot pot,over NT$2000,unknown,manual_summary_or_survey,,2026/5/29,1,Fill this manually from your own summary/interview/user-provided notes. Do not copy long raw Google review text.
rev_r016_03,r016,這一鍋 台北信義殿,顧客中午離峰時段用餐，人潮不多，服務員態度非常友善且介紹餐點很有耐心。湯底味道剛好，不會太重或太辣。同行朋友生日還獲贈甜點，整體體驗佳，推薦麻辣鍋底、鴨血吃到飽與麻薯雪糕球。,positive,麻薯雪糕球|鴨血|老湯麻辣鍋底|甜點,friendly service|patient staff|balanced soup flavor|not too spicy|birthday dessert|good for visitors|good hot pot base,none,birthday meal|friends lunch|casual hot pot|tourist meal,NT$600-800,off-peak no crowd,manual_summary_or_survey,,2026/5/29,1,Fill this manually from your own summary/interview/user-provided notes. Do not copy long raw Google review text.
rev_r016_04,r016,這一鍋 台北信義殿,顧客認為這裡適合多人聚餐，若人數多可以坐包廂，聊天較不會打擾其他客人。食材新鮮好吃，湯頭表現佳，鴨血、豆腐與白飯可以自取，醬料區種類多。豆腐皮可以用墨魚汁寫字再下鍋煮，互動感有趣，小朋友也玩得開心，很適合家庭聚會。,positive,鴨血|豆腐|白飯|豆腐皮|墨魚汁|醬料,private room available|family-friendly|good for large group|fresh ingredients|good soup base|self-service rice|self-service tofu|many sauces|interactive food experience,kids may make it noisy,family gathering|large group meal|friends dinner|kid-friendly hot pot,NT$600-800,reservation required,manual_summary_or_survey,,2026/5/29,1,Fill this manually from your own summary/interview/user-provided notes. Do not copy long raw Google review text.
rev_r016_05,r016,這一鍋 台北信義殿,顧客認為這裡是宵夜時段想吃單點麻辣鍋的好選擇。食材新鮮且處理乾淨，菜盤種類多樣且品質好，服務人員態度親切，即使需要多次加湯也保持良好服務。最後鍋底可以打包，增加經濟實惠感。,positive,麻辣鍋|菜盤|鍋底,fresh ingredients|clean preparation|many vegetable options|friendly service|soup refill service|late-night hot pot|hot pot base can be packed,value depends on order size,late-night meal|hot pot craving|friends dinner|casual dinner,reasonable to high,unknown,manual_summary_or_survey,,2026/5/29,1,Fill this manually from your own summary/interview/user-provided notes. Do not copy long raw Google review text.
rev_r017_01,r017,BRUN不然-信義店(捷運大安站),顧客認為餐點與期待有落差，鮮奶油品質佳且口感迷人，但草莓、糖漿、麵包本體與脆餅表現普通，整體較難對應 380 元定價。環境氣氛佳，但客席區出現身體不適員工休息的情況，雖有戴口罩仍影響用餐觀感，也反映員工休息空間管理可改善。,mixed,鮮奶油甜點|草莓|糖漿|麵包|脆餅,high quality cream|good atmosphere|photogenic environment,price feels high|other components average|hard biscuit texture|employee rest area issue|slightly noisy,brunch|friends gathering|photo-friendly meal,NT$400-600,unknown,manual_summary_or_survey,,2026/5/29,1,Fill this manually from your own summary/interview/user-provided notes. Do not copy long raw Google review text.
rev_r017_02,r017,BRUN不然-信義店(捷運大安站),顧客因家人回國而選擇這家網美早午餐店，認為餐點還不錯，但價格比常去的貳樓更高，餐點與飲料都需要分開單點。整體氣氛普通，服務體驗較弱，男廁空間設計也被認為不太理想。,mixed,早午餐|飲料,photogenic brunch spot|decent food,price higher than comparable brunch spots|drinks ordered separately|service weaker|restroom design issue,family brunch|photo-friendly brunch|casual meal,NT$400-600,unknown,manual_summary_or_survey,,2026/5/29,1,Fill this manually from your own summary/interview/user-provided notes. Do not copy long raw Google review text.
rev_r017_03,r017,BRUN不然-信義店(捷運大安站),顧客多次回訪不然，認為二樓有戶外座位且氣氛不錯，餐點味道非常好，服務也細心。不過價位稍高，室內座位冷氣有點冷。整體仍是值得回訪的質感早午餐選擇。,positive,早午餐|飲品,good food|outdoor seating|good atmosphere|attentive service|repeat visit|stylish brunch,price slightly high|indoor air conditioning too cold,brunch|date|friends gathering|photo-friendly meal,NT$600-800,unknown,manual_summary_or_survey,,2026/5/29,1,Fill this manually from your own summary/interview/user-provided notes. Do not copy long raw Google review text.
rev_r017_04,r017,BRUN不然-信義店(捷運大安站),顧客認為室內設計以白色調為主，搭配綠色植栽，整體明亮自然且乾淨。不過服務較制式、缺少溫度，食物份量偏少，看起來不夠豐富，口味偏油偏鹹。主餐不附飲料或湯品，需另外加點，加上 10% 服務費後整體偏貴。,negative,早午餐|主餐|飲料|湯品,bright interior|clean environment|green plants|photogenic design,formulaic service|small portion|food can be oily and salty|drinks and soup not included|service charge|expensive,brunch|photo-friendly meal,high price,unknown,manual_summary_or_survey,,2026/5/29,1,Fill this manually from your own summary/interview/user-provided notes. Do not copy long raw Google review text.
rev_r017_05,r017,BRUN不然-信義店(捷運大安站),顧客第一次來用餐，認為雖然餐點不便宜，但環境乾淨整潔，窗邊景色帶有表參道風格，上餐速度快，廁所也乾淨，附近停車相對方便，一樓還有服飾店可逛。整體感受不錯，但若餐點價格能再低一些會更好。,positive,早午餐|飲品,clean environment|stylish interior|good view|fast serving|clean restroom|parking nearby|shopping nearby|good atmosphere,expensive|price could be lower,brunch|date|friends gathering|photo-friendly meal|shopping meal,over NT$1000,unknown,manual_summary_or_survey,,2026/5/29,1,Fill this manually from your own summary/interview/user-provided notes. Do not copy long raw Google review text.
rev_r018_01,r018,光司DATE 義大利麵 大安店,顧客認為餐點好吃，特別喜歡煙燻培根白醬。若想吃更飽可以升級套餐，例如紅茶加薯條。店內二樓座位較多，也有適合一個人用餐的位置，整體適合想吃義大利麵或簡單一人用餐的人。,positive,煙燻培根白醬|紅茶|薯條,good pasta|smoked bacon cream sauce|set upgrade available|solo-friendly seating|second-floor seating,none,solo meal|casual lunch|casual dinner|pasta craving,reasonable,unknown,manual_summary_or_survey,,2026/5/29,1,Fill this manually from your own summary/interview/user-provided notes. Do not copy long raw Google review text.
rev_r018_02,r018,光司DATE 義大利麵 大安店,顧客第一次用餐，認為餐期人多但上餐速度快，份量很大。不過炸物疑似先炸好，出餐時已經冷掉；粉紅醬雞肉麵醬汁偏水，麵心偏粉，松露燉飯味道不錯但有濕黏結塊問題。服務方面，收取 10% 清潔服務費，但送餐動線與提醒不足，讓顧客覺得服務體驗不佳。,mixed,松露燉飯|雞肉|粉紅醬雞肉麵|套餐|炸物|雞塊,large portion|fast serving|truffle risotto flavor is good|many king oyster mushrooms,cold fried food|watery sauce|pasta texture powdery|risotto clumped|service issue|10 percent service fee concern|rushed serving,friends meal|casual dinner|pasta meal,NT$400-600,within 10 minutes,manual_summary_or_survey,,2026/5/29,1,Fill this manually from your own summary/interview/user-provided notes. Do not copy long raw Google review text.
rev_r018_03,r018,光司DATE 義大利麵 大安店,顧客二訪時仍覺得餐點整體美味，但章魚燒口味義大利麵調味明顯過鹹，導致用餐過程需要一直喝水，最後難以吃完。整體來說口味創意仍被肯定，但調味穩定度需要改善。,mixed,章魚燒義大利麵,creative pasta flavor|food is generally tasty,too salty|flavor inconsistency|hard to finish,pasta craving|casual meal,reasonable,unknown,manual_summary_or_survey,,2026/5/29,1,Fill this manually from your own summary/interview/user-provided notes. Do not copy long raw Google review text.
rev_r018_04,r018,光司DATE 義大利麵 大安店,顧客認為這是一家可愛、有個性且溫馨的小店。義大利麵口味特別，用料和風味有創意融合感，份量也足，因此受到學生喜愛。服務恰到好處，誠懇且讓人自在，整體體驗佳，願意再次回訪。,positive,義大利麵,creative pasta|unique flavor|large portion|student-friendly|cozy atmosphere|friendly service|worth revisiting,none,student meal|friends dinner|casual dinner|pasta craving,NT$200-400,no wait,manual_summary_or_survey,,2026/5/29,1,Fill this manually from your own summary/interview/user-provided notes. Do not copy long raw Google review text.
rev_r018_05,r018,光司DATE 義大利麵 大安店,顧客認為如果不加點蛤蜊增量或特殊口味，義大利麵價格可以低於 200 元，整體相當划算。座位間距舒適不擁擠，採光良好，用餐環境舒服，冷氣也很強。適合午餐、朋友聚餐或想找舒適義大利麵店的人。,positive,義大利麵|蛤蜊增量,good value|affordable pasta|comfortable seating|not crowded|good natural light|strong air conditioning|comfortable environment,special flavors may increase price,lunch|friends meal|casual pasta meal|student meal,NT$400-600,unknown,manual_summary_or_survey,,2026/5/29,1,Fill this manually from your own summary/interview/user-provided notes. Do not copy long raw Google review text.
rev_r019_01,r019,摩斯漢堡 大安店,顧客認為這間門市座位不多、空間迷你，裝潢有歲月感，椅子略黏，廁所乾淨但老舊。不過座位點餐方便，男店員服務親切有禮，整體表現仍不錯。,mixed,早午餐|飲料,convenient table ordering|friendly staff|clean restroom|quiet enough for conversation,small space|old interior|sticky chairs|limited seats,quick brunch|solo meal|casual meal|quiet meal,reasonable,within 10 minutes,manual_summary_or_survey,,2026/5/29,1,Fill this manually from your own summary/interview/user-provided notes. Do not copy long raw Google review text.
rev_r019_02,r019,摩斯漢堡 大安店,顧客在午餐時段內用，特別稱讚店員服務細心又親切，在餐飲業人力吃緊的情況下仍提供很好的用餐體驗。當天店內不悶熱，整體氣氛安靜舒適。,positive,午餐|飲料,friendly service|attentive staff|quiet atmosphere|comfortable indoor dining,none,solo lunch|quick lunch|casual meal,reasonable,within 10 minutes,manual_summary_or_survey,,2026/5/29,1,Fill this manually from your own summary/interview/user-provided notes. Do not copy long raw Google review text.
rev_r019_03,r019,摩斯漢堡 大安店,顧客對櫃檯服務與出餐流程不滿，認為店員找錢方式不佳，餐點等待時間偏久，內用流程也不如預期，例如沒有先提供托盤與飲料。整體對服務訓練與用餐體驗評價很低。,negative,餐點|飲料,very quiet,service issue|slow serving|poor counter attitude|unclear dine-in process|training concern,casual meal|quick meal,reasonable,no wait but food slow,manual_summary_or_survey,,2026/5/29,1,Fill this manually from your own summary/interview/user-provided notes. Do not copy long raw Google review text.
rev_r019_04,r019,摩斯漢堡 大安店,顧客點了明太子薯條，但認為明太子醬份量太少，剩下薯條想要番茄醬時被門市拒絕，因此覺得服務彈性不足，用餐體驗不佳。,negative,明太子薯條|番茄醬,none,too little sauce|service inflexible|poor condiment support|plain fries,snack|quick meal,reasonable,unknown,manual_summary_or_survey,,2026/5/29,1,Fill this manually from your own summary/interview/user-provided notes. Do not copy long raw Google review text.
rev_r019_05,r019,摩斯漢堡 大安店,顧客在週四晚上內用，店內客人不多，環境乾淨且有廁所。店員願意協助將巴斯克乳酪蛋糕稍微加熱，微溫後口感更好。顧客推薦 V 型薯條、摩斯熱可可、焦糖布丁與巴斯克乳酪蛋糕。,positive,V型薯條|摩斯熱可可|焦糖布丁|巴斯克乳酪蛋糕,clean environment|not crowded|helpful staff|good dessert|good snack options|restroom available,none,quick dinner|snack|solo meal|dessert break,NT$200-400,no crowd,manual_summary_or_survey,,2026/5/29,1,Fill this manually from your own summary/interview/user-provided notes. Do not copy long raw Google review text.
rev_r020_01,r020,樂漢堡美式餐廳 台北大安店,顧客帶家人用餐，點了風味起司漢堡、經典樂漢堡與早午餐系列，整體餐點表現好，尤其漢堡受到大人與小孩喜歡。店員服務親切，餐點解說詳細，環境是開放式廚房，但座位略小。整體體驗不錯，願意再訪。,positive,風味起司漢堡|經典樂漢堡|早午餐,good burger|family-friendly|friendly service|detailed explanation|open kitchen|worth revisiting,small seats,family meal|brunch|casual lunch|burger craving,NT$200-400,unknown,manual_summary_or_survey,,2026/5/29,1,Fill this manually from your own summary/interview/user-provided notes. Do not copy long raw Google review text.
rev_r020_02,r020,樂漢堡美式餐廳 台北大安店,顧客認為店內空間不大，油煙系統可能不足，用餐後身上有油煙味。漢堡肉厚且第一口會爆汁，但後味有些血水味，口感也不如期待中的手打筋道。細薯表現不錯但份量偏少，以價格來看 CP 值偏低，再訪意願不高。,negative,漢堡肉|細薯,juicy burger patty|good thin fries,oily smell|poor ventilation|slight bloody aftertaste|texture below expectation|small fries portion|low CP value,casual dinner|burger meal,NT$200-400,unknown,manual_summary_or_survey,,2026/5/29,1,Fill this manually from your own summary/interview/user-provided notes. Do not copy long raw Google review text.
rev_r020_03,r020,樂漢堡美式餐廳 台北大安店,顧客認為店內環境偏小、座位不多，店員態度還算親切。風味起司牛肉漢堡與加州陽光酪梨牛肉漢堡的漢堡排多汁且味道不會太鹹。不過附餐薯條炸得偏硬，沙拉醬過多，內用油煙味重，影響用餐舒適度。,mixed,風味起司牛肉漢堡|加州陽光酪梨牛肉漢堡|附餐薯條|沙拉,juicy burger patty|balanced seasoning|friendly staff,small space|limited seats|hard fries|too much salad dressing|heavy oily smell|poor ventilation,burger dinner|friends meal|casual dinner,NT$400-600,unknown,manual_summary_or_survey,,2026/5/29,1,Fill this manually from your own summary/interview/user-provided notes. Do not copy long raw Google review text.
rev_r020_04,r020,樂漢堡美式餐廳 台北大安店,顧客點了商午蕃茄紅醬義大利麵與低脂雞肉漢堡。義大利麵被認為蕃茄罐頭味較明顯，但其他部分尚可；低脂雞肉漢堡雞肉不柴、口感不錯，也有飽足感。店內品項豐富，整體仍願意再訪。,mixed,商午蕃茄紅醬義大利麵|低脂雞肉漢堡,good chicken burger|not dry chicken|filling meal|many menu options|worth revisiting,tomato sauce tastes canned,casual lunch|burger lunch|pasta lunch,NT$400-600,unknown,manual_summary_or_survey,,2026/5/29,1,Fill this manually from your own summary/interview/user-provided notes. Do not copy long raw Google review text.
rev_r020_05,r020,樂漢堡美式餐廳 台北大安店,顧客點了超邋遢老喬漢堡與搖滾雙醬漢堡，認為辣肉醬普通，但漢堡肉多汁；花生醬味道突出，蔓越莓醬較不明顯。整體份量足、食材新鮮，酸黃瓜搭配剛好，細薯酥脆好吃，粗薯普通，店內空氣流通稍差且有油煙味，但附手套很貼心。,mixed,超邋遢老喬漢堡|搖滾雙醬漢堡|辣肉醬|花生醬|蔓越莓醬|酸黃瓜|細薯|粗薯,juicy burger patty|large portion|fresh ingredients|good pickles|crispy thin fries|gloves provided,chili sauce average|cranberry sauce not obvious|thick fries average|poor ventilation|oily smell,casual lunch|burger craving|friends meal,NT$400-600,unknown,manual_summary_or_survey,,2026/5/29,1,Fill this manually from your own summary/interview/user-provided notes. Do not copy long raw Google review text.
rev_r021_01,r021,Brekkie,顧客認為店內以清水模牆面、暖黃燈飾與木質桌椅營造出工業風與溫馨感兼具的氛圍。早午餐盤可自由搭配，擺盤漂亮且營養均衡。酸種麵包外酥內軟，搭配新鮮酪梨與煙燻鮭魚層次豐富；法式布里歐吐司厚切金黃，搭配鮮奶油、蘋果片與藍莓表現佳。唯一缺點是鐵椅摩擦地板聲音會影響用餐氛圍。,positive,早午餐盤|酸種麵包|酪梨|煙燻鮭魚|法式布里歐吐司|鮮奶油|蘋果片|藍莓|熱拿鐵,beautiful plating|cozy industrial interior|good brunch plate|crispy sourdough|fresh avocado|smoked salmon|good French toast|good latte|nutritious meal,chair noise affects atmosphere,brunch|date|friends gathering|photo-friendly meal,NT$400-600,unknown,manual_summary_or_survey,,2026/5/29,1,Fill this manually from your own summary/interview/user-provided notes. Do not copy long raw Google review text.
rev_r021_02,r021,Brekkie,顧客認為 Brekkie 是大安站附近巷弄內有質感且 CP 值高的早午餐輕食店，環境舒適且共有三層樓。菜單包含輕食、澳式早餐盤與日式定食，餐點可高度客製化，能選擇肉類、麵包、蛋、蔬菜與配菜。柚子胡椒雞胸軟嫩不柴，鹽麴烤雞腿有厚度，溫烤蔬菜種類豐富，日式定食還附味增湯。整體適合一人、兩人或三到四人用餐。,positive,澳式早餐盤|日式定食|酸種麵包|酪梨|煙燻鮭魚|柚香松阪豬|柚子胡椒雞胸|鹽麴烤雞腿|溫烤蔬菜|味增湯,customizable brunch|good value|comfortable environment|three-floor space|good chicken breast|good grilled chicken|many vegetable options|quiet enough for conversation|solo-friendly,parking inconvenient,brunch|solo meal|friends lunch|healthy brunch|casual lunch,NT$200-400,unknown,manual_summary_or_survey,,2026/5/29,1,Fill this manually from your own summary/interview/user-provided notes. Do not copy long raw Google review text.
rev_r021_03,r021,Brekkie,顧客認為這是大安少見的三層樓澳式早午餐店，餐點品項很多元，包含早餐盤、開放式酸麵包、義大利麵、日式定食、法式吐司與蛋糕。整體餐點口味中規中矩，炸玉米脊佐蒔蘿酸奶醬最令人印象深刻。咖啡表現較普通，柚子奶蓋冷萃搭配感不強，小白相對較好。店內有大桌適合多人聚餐，建議先訂位，也有 WiFi、插座與寵物友善特色。,mixed,澳式早餐盤|柚子胡椒清炒義大利麵|炸玉米脊佐蒔蘿酸奶醬|澳式小白|美式咖啡|西西里美式咖啡|柚子奶蓋冷萃咖啡特調|法式吐司|蛋糕,many menu options|three-floor cafe|good fried corn ribs|large table available|pet-friendly|WiFi available|power outlets|good for group gathering,coffee is average|some dishes are average|reservation recommended|two-hour limit when full,brunch|friends gathering|group brunch|pet-friendly meal|work cafe,medium to high,reservation recommended,manual_summary_or_survey,,2026/5/29,1,Fill this manually from your own summary/interview/user-provided notes. Do not copy long raw Google review text.
rev_r021_04,r021,Brekkie,顧客認為店內裝潢漂亮，但室內較吵，尤其三樓聊天需要提高音量。點了燻鮭沙拉與溫沙拉，溫沙拉中的甜味鷹嘴豆泥讓人覺得奇怪，且兩份沙拉吃到後段時都有些沙拉葉不新鮮，影響整體口感。,negative,燻鮭沙拉|溫沙拉|鷹嘴豆泥,beautiful interior,noisy indoor space|third floor too loud|sweet hummus feels strange|salad leaves not fresh|hard to chew,brunch|friends meal|salad meal,NT$200-400,unknown,manual_summary_or_survey,,2026/5/29,1,Fill this manually from your own summary/interview/user-provided notes. Do not copy long raw Google review text.
rev_r021_05,r021,Brekkie,顧客因隔壁花店活動意外發現這家店，五人訂位被安排在二樓六人座空間，實木大桌、燈籠、植栽、落地窗與陽台讓用餐空間非常舒適。早午餐盤主菜份量足夠，烤蔬菜以海鹽簡單調味就很好吃，日式定食可選藜麥烤飯團，可頌與酸種麵包也受到同行友人稱讚。服務親切，適合慶生聚會。,positive,早午餐盤|烤蔬菜|日式定食|藜麥烤飯團|可頌|酸種麵包,comfortable group seating|beautiful second-floor space|large wooden table|good brunch plate|good roasted vegetables|quinoa rice ball option|good croissant|good sourdough|friendly service|birthday-friendly,none,birthday brunch|friends gathering|group brunch|family meal|photo-friendly meal,NT$400-600,reservation recommended for group,manual_summary_or_survey,,2026/5/29,1,Fill this manually from your own summary/interview/user-provided notes. Do not copy long raw Google review text.
